job_id,title,company,location,url,description,email,phone,salary,resume_filename,coverletter_filename,Applied,Application Date,Questions
85118348,Machine Learning Engineer,Micromine Australia Pty Ltd,Perth WA,https://www.seek.com.au/job/85118348?type=standard&ref=search-standalone&origin=cardTitle#sol=5677a8f95c251e8df9c269807e2be2d6b1894b00,"About Us
Founded 37 years ago, Micromine is at the cutting edge of next-generation technology for mining. With offices in 9 different countries, we are one of the world's premier mining software companies; our technology is used in all corners of the globe.
 What We Offer
An established multinational business, growing fast, with great benefits:
High growth company providing growth opportunities for our people
Work from home (WFH) and flexibility options to balance work and home life
12 weeks paid parental leave ‚Äì primary and secondary carers
Free gym membership
Employee Assistance Program for you and your family
Social Connection and Responsibility Program
Discounted private health insurance
Novated leasing
The opportunity to work across both the Mining and Technology sectors
An engaging team culture and a modern office within Perth CBD
 About The Opportunity
Micromine is at the forefront of revolutionising the mining industry through cutting-edge AI tools; enhancing efficiency, safety, and decision-making. As we continue to expand, we are seeking a Machine Learning Engineer to strengthen our team and drive innovation in AI-powered mining solutions.
In this role you will design, develop and implement machine learning models that solve real-world problems.
This isn‚Äôt a role focused on simply integrating existing AI models like ChatGPT; we build our machine learning and AI solutions from scratch, tailored to our specific needs and challenges.
Develop and deploy machine learning models using PyTorch.
Optimise deep learning architectures for performance and scalability.
Implement and maintain model training, evaluation, and monitoring pipelines.
Work with large datasets and apply best practices for data preprocessing and feature engineering.
Stay up to date with the latest advancements in deep learning and AI technologies.
 About You
Ideally you will have a proven background in the Machine Learning / AI field.
Other key skills, experience, and qualifications:
Strong experience with PyTorch (or similar framework) for deep learning model development.
Proficiency in Python and familiarity with related ML libraries (NumPy, Pandas, Scikit-learn, etc.).
Solid understanding of neural networks, computer vision, or NLP.
Experience deploying models in production environments.
Bachelor's or higher degree in Computer Science, AI, or a related field.
 Next Steps
If you are looking to shape the future direction of technology in the industry, we encourage you to apply for this exciting opportunity.
To learn more or apply, visit our website at www.micromine.com.
Micromine is dedicated to fostering a diverse and inclusive work environment, and we welcome applicants from a variety of backgrounds to apply.",,,,Micromine_resume.pdf,Micromine_coverletter.pdf,Can't Find Resume Element,26 June 2025,
85201859,Data Scientist,Brunel,Perth WA,https://www.seek.com.au/job/85201859?type=standard&ref=search-standalone&origin=cardTitle#sol=23bb3cff88e3a70ef5cb63a2ec8149d717b3445f,"Brunel are partnered with a leading resource company to deliver the best work opportunities for IT & Technical professionals within Australia. We are currently seeking an Data Scientist - to work on a contract basis on an exciting new project.
Description
The position will be based in Perth. For further information about this position please apply.
Reporting to the Principal Data Scientist - People Data & Insights, you will have the opportunity to:
Provide expertise on statistical, mathematical and machines learning concepts, conduct research and design, and implement and validate cutting-edge algorithms and predictive statistical models.
Perform exploratory analysis of datasets to develop and refine preliminary hypotheses.
Use statistical and/or machine learning methods to identify key data features and engineer data pipelines from source systems to predictive models.
Provide training and knowledge transfer to support the deployment and continuity of the analytics products developed.
Ensure best-in-class processes and techniques to develop and deploy data science solutions to the business..
Foster an innovative and disruptive technology culture to identify and drive value-creating opportunities.
Profile
Tertiary qualifications in Mathematics, Statistics, Computer Science or a related field, supported by a strong technical background and coding skills in Python, SQL and/or R.
Demonstrated experience in implementing data science projects using Human Resources or Social Sciences data, including familiarity with machine learning libraries and frameworks.
Solid understanding of statistical concepts, machine learning (e.g. regression, classification, clustering, time-series, etc.) and algorithms (e.g. linear regression, k-means, random forest, etc.).
Experience with data manipulation and analysis libraries (e.g. R dplyr, tidy verse, Pandas, NumPy, scikit-learn).
Experience with data visualisation tools (e.g. Power BI, Tableau, R Shiny, ggplot, plotly, matplotlib, D3, etc.).
Strong analytical and problem-solving skills, with attention to detail.
Excellent communication skills and teamwork abilities.
Curiosity and eagerness to learn new concepts and technologies.
Strong organisational skills with the ability to manage multiple tasks effectively.
It will also be beneficial if you have:
Experience with cloud computing platforms and remote compute environments such as AWS and Azure (e.g. SageMaker, Databricks, AzureML).
Experience with Git code management (e.g. GitHub, Azure DevOps, Bitbucket, etc.)
Job Offer
About Brunel:
Brunel is a recruitment and flexible workforce solution provider which connects talented people with opportunities throughout Australasia and around the world. We specialise in highly skilled roles across a variety of technical, professional, trades and craft disciplines, pairing candidates with industry-leading projects and organisations on a contract, permanent or secondment basis.
Operating in Australasia since 1997, Brunel has major bases of operation in Perth, Sydney, Brisbane and Port Moresby, which are further backed by the strength and reach of a truly global network spanning over 45 countries, 120 offices and 45 years of successful operation.
Brunel is proud to be equal opportunity employer and encourages applications from Aboriginal and Torres Strait Islander and female candidates.
How to apply:
If you meet the above requirements and would like to be considered for this role, please submit your interest using the 'Apply' button. Applying is quick and easy - just make sure you have the following documents ready to go:
Resume
Cover Letter (optional)",,,,Brunel_resume.pdf,Brunel_coverletter.pdf,Can't Find Resume Element,26 June 2025,
85201782,Data Scientist,Peoplebank Australia WA,Perth WA,https://www.seek.com.au/job/85201782?type=standard&ref=search-standalone&origin=cardTitle#sol=6c4bcfd20dadb44b5261c5c48b619900d98ad3a6,"Data Scientist
6-month contract with potential extension
Hybrid working culture, can be Brisbane/Perth-based
Drive impactful people insights with advanced analytics
 
Our client is seeking a talented and inquisitive Data Scientist with a strong foundation in statistics to join their People Data & Insights team. Reporting to the Principal Data Scientist, you will play a key role in applying advanced statistical modelling, hypothesis testing, and data-driven techniques to design and implement innovative solutions that inform strategic workforce decisions. This is a unique opportunity to operate at the intersection of statistics, technology, and human behaviour in a collaborative, high-impact environment.
 
Key Responsibilities:
Design and develop predictive models and algorithms using advanced statistical and machine learning techniques to support people-related insights and decision-making.
Conduct exploratory data analysis, hypothesis testing, and feature engineering across diverse Human Resources datasets.
Build and maintain scalable data pipelines from source systems through to model deployment.
Translate analytical outcomes into actionable insights and communicate findings through engaging visualisations and reports.
Share knowledge and support capability uplift across the team by mentoring, documentation, and training on analytics tools and techniques.
 
Key Skills & Experience:
Tertiary qualifications in Mathematics, Statistics, Computer Science, or a related discipline with strong coding skills in Python, R, and/or SQL.
Proven experience delivering end-to-end data science projects, ideally involving workforce or behavioural data.
Strong understanding of statistical analysis, machine learning methods (e.g. regression, clustering, classification), and relevant algorithm implementation.
Excellent analytical thinking, problem-solving, and communication skills with the ability to collaborate effectively across teams.
 
 
If you are interested and possess the right experience, please apply now via the link below.
Contact: Maria Hecto ‚Äì 08 9423 1407 - (Job reference: 267083)",,08 9423 1407,,NotSpecified_resume.pdf,NotSpecified_coverletter.pdf,Can't Find Resume Element,26 June 2025,
85061422,Machine Learning Software Engineer,NES Fircroft,Perth WA,https://www.seek.com.au/job/85061422?type=standard&ref=search-standalone&origin=cardTitle#sol=8308d23f87aeae9a092d6a08613af31ede892647,"Our innovative client, a well-known mining & energy organisation, is looking for the next Machine Learning Software Engineer to join the team. This will be an initial 6 month contract with a solid pipeline of work on the horizon. This is a Perth CBD position that requires in office presence up to 3 times a week. This person should be comfortable in an environment where they can design, build, and scale real-world applications powered by large language models (LLMs). The right person will find themselves working closely with domain experts, product managers, and ML researchers to turn ideas into prototypes and prototypes into production-ready tools that solve meaningful problems using cutting-edge AI.

Key Responsibilities
Collaborate with cross-functional teams to identify high-impact AI use cases that benefit from LLM capabilities
Understand mining and engineering domain challenges and develop AI solutions to assist
Design and build software applications and APIs that leverage LLMs (e.g., OpenAI GPT, Claude, Mistral, LLaMA)
Implement prompt engineering strategies and optimisation techniques for specific business tasks
Create autonomous agents capable of planning, reasoning, and executing complex multi-step tasks
Integrate LLM-powered features into new or existing products with strong UX considerations
Develop evaluation frameworks to test LLM output quality, relevance, and safety
Stay on top of LLM advancements and contribute to internal best practices and technical strategy
Write clean, maintainable, and well-documented code
About You
You‚Äôre a software engineer with a builder‚Äôs mindset and a passion for AI. You may not be a deep learning researcher, but you‚Äôre excited to turn LLMs into useful products. You can clearly communicate and present ideas, progress and results to both technical and non-technical audiences. 

Required Qualifications
Bachelor's degree in Computer Science, Software Engineering, or equivalent experience
5+ years of professional software engineering experience
Strong proficiency in Python (preferred) or TypeScript/JavaScript
Experience integrating APIs, especially LLMs (OpenAI, Hugging Face, etc.)
Familiarity with modern backend frameworks (FastAPI, Flask, Node.js)
Understanding of prompt engineering and basic model evaluation
Experience with cloud platforms (AWS, GCP, or Azure)
Experience with AI development tools and libraries (LangChain, LlamaIndex, CrewAI, etc.)
Preferred Qualifications
Understanding of embeddings, vector databases, and retrieval-augmented generation (RAG)
Experience with front-end frameworks (React, Vue) for building user-facing LLM tools
Experience with MLOps practices such as model versioning, monitoring, evaluation pipelines and CI/CD
Familiarity with model fine-tuning or training using libraries like Hugging Face Transformers
Knowledge of data privacy and security concerns when deploying AI applications
What We Offer
The opportunity to work at the frontier of applied AI
A collaborative and high-trust engineering culture
Flexible work arrangements
Access to powerful compute resources and the latest LLMs
A chance to shape the next generation of intelligent tools

Full working Australian rights will be required. Perth based candidates or candidates planning a relocation to Perth preferred.
Due to a high level of applications and tight timeframe, shortlisted profiles will be contacted directly.
This role may progress with shortlisting ahead of closing date so make sure your application counts and apply.

With over 90 years' combined experience, NES Fircroft (NES) is proud to be the world's leading engineering staffing provider spanning the Oil & Gas, Power & Renewables, Chemicals, Construction & Infrastructure, Life Sciences, Mining and Manufacturing sectors worldwide. With more than 80 offices in 45 countries, we are able to provide our clients with the engineering and technical expertise they need, wherever and whenever it is needed. We offer contractors far more than a traditional recruitment service, supporting with everything from securing visas and work permits, to providing market-leading benefits packages and accommodation, ensuring they are safely and compliantly able to support our clients.",,,,MiningEnergyOrganisation_resume.pdf,MiningEnergyOrganisation_coverletter.pdf,Applied Successfully,26 June 2025,"Selecting dropdown for question: Which of the following statements best describes your right to work in Australia? with label: I have a temporary visa with no restrictions (e.g. doctoral student)
Q: Are you currently located in Perth, W.A.? | A: No"
84582999,Data Analyst/Telescope Operator - SKA-Low Telescope,CSIRO,Perth WA,https://www.seek.com.au/job/84582999?type=standard&ref=search-standalone&origin=cardTitle#sol=2d05bdfaaa321973033fa65159cccd45b17ae951,"Job description:

Acknowledgement of Country
CSIRO acknowledges the Traditional Owners of the land, sea and waters, of the area that we live and work on across Australia. We acknowledge their continuing connection to their culture and pay our respects to their Elders past and present. View our vision towards reconciliation
Child safety
CSIRO is committed to the safety and wellbeing of all children and young people involved in our activities and programs. View our Child Safe Policy.
The opportunity
The SKA Observatory (SKAO) is a next-generation radio astronomy facility that will revolutionise our understanding of the Universe and the laws of fundamental physics. Enabled by cutting-edge technology, it promises to have a major impact on society, in science and beyond.
In Australia, the SKAO is collaborating with CSIRO to operate and support the construction of the low frequency telescope (SKA-Low) in remote Western Australia on Wajarri Yamaji Country.
The Traditional Owners and native title holders, the Wajarri Yamaji, have gifted CSIRO with the traditional name Inyarrimanha Ilgari Bundara for the CSIRO Murchison Radio-astronomy Observatory, home to the SKA-Low telescope. The traditional name means ‚Äòsharing sky and stars' in the Wajarri language.
The SKA-Low Data Analyst/Telescope Operator is fundamental to delivering the broad and ambitious science from one of the world's largest telescopes.
This role will evolve as the SKA-Low telescope is built:
During the construction phase this role will be responsible for executing stable commissioning observations in collaboration with the Commissioning Team and the Assembly, Integration and Verification Team. Observing during this phase may take place outside of normal working hours.
Once construction is complete, the SKA-Low Data Analyst/Telescope Operator will be responsible for the day-to-day observing of the SKA-Low telescope and provide analysis of the initial telescope data for quality assurance and science verification.
Your duties will include:
Conduct, monitor and calibrate astronomical observations and use appropriate computing resources.
Assist with system checks, maintenance handovers, observation configurations and setups.
Undertake quality assurance of continuos, frequency-resolved (discrete), and time series radio frequency data obtained from early observations and existing data sets.
Contribute to the design and documentation of operating procedures for SKAO.
Support communication between engineering and technical staff and scientific stakeholders.
Location: Perth, Western Australia
Salary: AU$96,811 - AU$109,527 plus 15.4% superannuation
Tenure: Indefinite - Full-Time, Part-Time or Job-Share
Reference: 100056
To be considered you will need:
Essential
An undergraduate degree or equivalent in science or computing or relevant experience in a similar role.
Aptitude to control and operate a scientific research facility including familiarity with monitoring, controlling, and scheduling.
Appreciation of steps required for the acquisition and processing of scientific data.
Aptitude to contribute to the definition and development of operational procedures, monitoring dashboards and documentation.
Ability to work effectively as part of a multidisciplinary team.
An awareness of equitable practices, including accessibility, to facilitate broad access to the Observatory.
Desirable
Experience in data reduction pipelines and time series data.
Familiarity with scientific equipment calibration techniques.
CSIRO is an Equal Opportunity employer working hard to recruit world-class talent that represents the diversity across our society. As part of our commitment to equitable employment outcomes for under-represented groups, preference will be given to Indigenous Australian people, women and people with a disability who meet the role criteria.
For Full details about this role, please review the Position Description
Eligibility
Applications for this position are open to Australian/New Zealand Citizens, Australian Permanent Residents or you must either hold, or be able to obtain, a valid working visa for the duration of the specified term. Appointment to this role is subject to provision of a national police check and may be subject to other security/medical/character requirements.
Flexible working arrangements
We work flexibly at CSIRO, offering a range of options for how, when and where you work.
CSIRO and the SKA Observatory value and respect difference, and we are committed to building an inclusive culture by creating an environment where you can balance a successful career with your commitments and interests outside of work. We believe that you will do your best at work if you have a work / life balance. We are open to discussing flexible working opportunities with this role being offered on a full-time, part-time or job share basis. Please raise your preference in your application.
Diversity and inclusion
We are working hard to recruit people representing the diversity across our society, and ensure that all our people feel supported to do their best work and feel empowered to let their ideas flourish.
About CSIRO
At CSIRO Australia's national science agency, we solve the greatest challenges through innovative science and technology. We put the safety and wellbeing of our people above all else and earn trust everywhere because we only deal in facts. We collaborate widely and generously and deliver solutions with real impact.
CSIRO is committed to values-based leadership to inspire performance and unlock the potential of our people.
Join us and start creating tomorrow today!
How to apply
To apply for this role, please apply on-line providing your CV, and a Cover Letter clearly addressing the essential criteria of this role and your motivation for applying. Under CSIRO policy, only those who are able to demonstrate how they can meet the essential criteria may be appointed
Applications close
6 JULY 2025, 11:59pm AWST",,,"$96,811 -",Csiro_resume.pdf,Csiro_coverletter.pdf,Can't Find Resume Element,26 June 2025,
85131238,Data Senior Engineer,Fortescue,Perth WA,https://www.seek.com.au/job/85131238?type=standard&ref=search-standalone&origin=cardTitle#sol=613c4cff2d9d1cfd0ecd3021f8daf8e86cfe9b52,"Our Opportunity
Work Location: Fortescue's Perth office is located on the traditional lands of the Whadjuk people.
Roster: Monday to Friday - site travel is unlikely but possible.
Fortescue is currently transforming its business using AI to accelerate and automate the mining value chain. We are choosing to be ahead of the curve and on the forefront of new technology opportunities that will change the world.
Fortescue's Data Science team is dedicated to delivering value and driving innovation through the disciplined application of the scientific method and agile delivery. We collaborate with diverse teams across the business to address real-world challenges and develop solutions that drive value. We are passionate about leveraging deep technical, analytical, statistical, and mathematical capabilities to identify and solve business problems, providing clear and actionable insights that support Fortescue's strategic goals.
From exploratory opportunity identification and precise problem definition to conducting complex technical analyses and producing explainable, trusted insights, our team plays a crucial role in enabling transformation and innovation across the business. We strive to move beyond technical delivery to create meaningful impact and drive strategic advancements.
Effective team members in the Data and AI Data Science area combine a vision for the future with a focus on value, curiosity, and creativity. They harness the power of data, data science, and AI to fuel innovation, unlock new opportunities, solve complex challenges, streamline processes, and enable strategic advancements that align with Fortescue's Vision.
The Science skill tree attracts, retains, and grows the careers of individuals who are passionate about creating and implementing advanced data-driven solutions. These team members are key to empowering decision-making and operational efficiency across Fortescue, ensuring all solutions inform and support the company's broader objectives.
Key Responsibilities
Data Analysis and AI
Analyse complex data sets to provide actionable insights and present findings.
Develop, implement, optimise, monitor, and maintain AI models and solutions.
Apply principles of AI and data ethics to ensure solutions are ethical, safe, and explainable.
Strategic Planning and Emerging Technologies
Monitor and apply emerging technology and open-source trends and assess their potential impact on current and future data science projects.
Conduct informal research to explore new methodologies, tools, and techniques that can enhance data science capabilities.
Contribute and lead knowledge management endeavors by documenting methodologies, processes, and insights, ensuring they are accessible and usable by the team.
Technical Development and Programming
Develop and maintain software solutions using best practices in programming and software development.
Conduct rigorous testing to ensure the quality and reliability of data science models and solutions.
Assist solution architecture and systems design efforts to ensure data science solutions are integrated effectively within the enterprise architecture.
Data Management and Engineering
Manage and maintain data management processes, ensuring data integrity, security, and accessibility.
Design, build, and optimise data pipelines and infrastructure.
Requirements Management
Gather and validate requirements for data science projects from stakeholders, ensuring they align with business needs and objectives.
Qualifications and Experience
Bachelor's degree in Computer Science, Software Engineering, mathematics, statistics, machine learning, or a related field.
Experience (5+ years) in data science and AI solution system development in the mining, energy, green energy, or heavy industrial operations preferred.
Artificial Intelligence
Strong understanding and practical experience in Machine Learning and Generative AI, and the scientific and programmatic use, deployment, and measurement of AI and GenAI models.
Strong knowledge of data science tools and technologies, including programming languages such as Python and the use of Git.
Software Engineering
Strong proficiency in Python, JavaScript/TypeScript, SQL, and machine learning frameworks (e.g TensorFlow, PyTorch)
Experience and understanding of platforms such as Snowflake, Kafka, S3 and Databricks/SageMaker (beneficial).
Familiar with cloud platforms such as AWS or Azure.
Practical experience with software development industry best practices.
Modern Work
Highly proficient in the use and application of Generative AI for writing, coding and other accelerated work activities.
Strong stakeholder relationship management and presentation skills.
Excellent problem-solving and analytical abilities.
Strong written and verbal communication skills, with the ability to communicate complex technical concepts to both multi-disciplinary product teams and to non-technical stakeholders.
Follow and exhibit the Fortescue Values.
About Us
Be part of something big. Fortescue is leading the world with our plan to decarbonise our iron ore operations, projects that harness renewable energy and the development of technology that will change our planet forever.
Our Commitment
Fortescue celebrates individual strengths and team members are encouraged to bring their whole selves to work. Our global workforce drives and promotes an inclusive culture, both within our organisation and throughout the communities we interact with. Diverse backgrounds include First Nations Peoples, people with disabilities, LGBTQ+ community, gender, neurodiverse, cultural diversity, all age groups, and those with an intersectional or multiple diverse characteristics. We encourage candidates from all backgrounds to apply.
https://fortescue.com/careers
Internal Candidates / Current Contractors please apply via Success Factors Careers Portal. For further information on how to apply please visit the Fortescue Hub.
Fortescue reserves the right to close applications early should a suitable pool of candidates be identified. Fortescue will never contact you to ask for payment of any kind, whether directly or through a third party.",,,,Fortescue_resume.pdf,Fortescue_coverletter.pdf,Can't Find Resume Element,26 June 2025,
85102354,Technical Data Analyst,Opus Recruitment Solutions,Perth WA,https://www.seek.com.au/job/85102354?type=standard&ref=search-standalone&origin=cardTitle#sol=b68dd06bc084c07a986e65cddf3a99686f5a28cc,"We are currently looking for a Technical Data Analyst that is Perth-based with the following skillset in the context of mining, with the focus around asset management experience based on:
Familiarity with fixed plant equipment through maintenance roles (e.g. conveyor belts, screen house etc.)
Familiarity with asset health datasets and ways to join & connect key datasets together (e.g. notifications / workorders, equipment, failures)
Equipment failure investigations and understanding of what data will be required to assist with the investigation
Understanding of reliability engineering concepts


Key Project Details:
The Asset Management Platform (AMP) project is initiated to address critical challenges in asset monitoring and predictive maintenance within the mining operations. The project is divided into two main components: the overall solution architecture of the AMP and a Proof of Concept (PoC) use case on a specific asset, such as a conveyor, reclaimer, or screenhouse.

The AMP project will deliver a comprehensive solution architecture that integrates various data sources and leverages advanced analytics to provide real-time insights into asset health. This includes identifying and ingesting data from multiple sources into Databricks. . Additionally, the project will develop Failure Modes and Effects Analysis (FMEA) into application logic, defining a pathway for acquiring more sensor information to enhance predictive capabilities",,,,ConfidentialMiningIndustry_resume.pdf,ConfidentialMiningIndustry_coverletter.pdf,Applied Successfully,26 June 2025,"Selecting dropdown for question: Which of the following statements best describes your right to work in Australia? with label: I have a temporary visa with no restrictions (e.g. doctoral student)
Q: Are you currently located in Perth, W.A.? | A: No"
85101882,Automation & AI Engineer,Sense Recruitment,Perth WA,https://www.seek.com.au/job/85101882?type=standard&ref=search-standalone&origin=cardTitle#sol=5bb9c50e16a1a31018458d9a99f1805c692eee69,"Automation and AI Integration Specialist | Make It Smarter | Perth CBD (Mining and Logistics)

Not just a cog. Not just a coder. This is your chance to bring automation and AI into the heart of corporate and operational decision making.
  
The corporate environment is polished and professional, structured where it counts. But the Tech team? We are small, hands on, and proudly strappy. Think fewer layers, more action. More startup than status quo.

We are looking for someone who gets things done. Someone who is excited to build tools that replace spreadsheets, manual tasks and double handling with smart automation and backend logic. You will be solving real problems for real users, every day, from the boardroom to the operations centre.
  
This is not your typical RPA role. While experience with tools like UiPath or Automation Anywhere is a bonus, we are more focused on fast, API driven automation using n8n, Python and TypeScript. Flexible, lightweight and fit for purpose.
  
If you are looking for a place where automation and AI are more than buzzwords, and where your work has visible impact, keep reading.
  
What You Will Be Doing
Automate workflows across scheduling, maintenance, fatigue and compliance
Build backend logic using n8n, Python, TypeScript or whatever fits the problem
Create small, practical AI tools to streamline decision making and reduce admin
Integrate systems through APIs, file exchanges and direct data connections
Own your tools from prototype to production, with clear logging and documentation
Work directly with internal users to train, support and refine your solutions
  
What You Will Bring
Experience in automation, backend development or systems integration
Knowledge of RPA tools such as UiPath or Automation Anywhere is welcome but not essential
Strong skills in Python, JavaScript or TypeScript, or similar scripting languages
Comfortable working with APIs, operational platforms and legacy systems
A strong interest in AI tooling and a practical approach to using it
Clear communicator with a low ego and a focus on real outcomes
Bonus if you have worked in transport, logistics or data heavy environments
  
What Is On Offer
A newly created role with room to shape how automation and AI are applied across the business
Real world impact, your work sits at the heart of both corporate and operations
Hands on, on site role based in the Perth CBD tech hub
A collaborative environment that values transparency, simplicity and momentum
Occasional regional travel with the IT Manager
  
This is not about refining what is already built. It is about building what is needed.
If that sounds like you, reach out!",,,,MakeItSmarter_resume.pdf,MakeItSmarter_coverletter.pdf,Applied Successfully,26 June 2025,"Selecting dropdown for question: Which of the following statements best describes your right to work in Australia? with label: I have a temporary visa with no restrictions (e.g. doctoral student)
Selecting dropdown for question: How many years' experience do you have as an Artificial Intelligence Engineer? with label: No experience
Selecting dropdown for question: What's your expected annual base salary? with label: $80k"
84875392,Data Engineer,Sense Recruitment,Perth WA,https://www.seek.com.au/job/84875392?type=standard&ref=search-standalone&origin=cardTitle#sol=b86a299c783dc8967a3c1fb21918fb38400da645,"Data Engineer | Make It Happen | Perth CBD (Mining & Logistics)
Not just a number. Not just a cog. This is your chance to shape how data drives a business.

This business is on a significant growth curve.  New mines, new buildings, mergers, expansion. And a heap of operational data from Safety, People and the Field that needs a tech brain to bring it together and make it work.
It‚Äôs not a polished corporate machine. It‚Äôs dynamic, hands-on, constantly evolving, and they like it that way. The approach is fast, practical, and proudly strappy - more startup than status quo.
  
We‚Äôre looking for a Data Engineer who gets things done. Someone who can bring structure to chaos, who‚Äôs not afraid to roll up their sleeves, and who‚Äôs excited by the chance to build something from the ground up. You'll be working side by side with a Data Analyst, supporting the business with fast, functional, value-driven solutions.
  
You‚Äôll be #5 coming into this growing Tech Team. This is a small crew with big reach, and plenty of freedom to influence how things get done.
  
If you‚Äôre waiting for a detailed project brief and a 10-step plan, this probably isn‚Äôt for you. But if you‚Äôre a builder, a fixer, a tech-savvy doer who thrives on autonomy and variety, keep reading.
  
  
What You‚Äôll Be Doing:
Build and maintain data pipelines across real time, IoT and monthly reporting environments
Build and maintain a scalable data warehouse to support analytics, real time reporting, business insights and interactive dashboards
Turn strategy into action using the tech that fits best (agile, tech agnostic, and focused on outcomes)
Partner with stakeholders in Operations, Safety and People teams to understand what‚Äôs needed and then deliver it
Take ownership in a small, close-knit team and wear a few different hats along the way
Bring order, speed and smart solutions to a business that‚Äôs moving quickly
  
You‚Äôll Bring:
Strong SQL and Python skills, and experience with cloud platforms such as AWS or Azure
Familiarity with tools like AWS EMR, Glue, S3 and Kinesis
Ability to work independently, pivot when needed, and stay focused on outcomes
Energy, curiosity and a low ego, practical mindset
Bonus points for Operations Centre or IoT experience
  
What‚Äôs On Offer:
A genuinely autonomous role where your ideas are welcomed and your impact is visible
Freedom to design and build smart solutions that drive real business outcomes
A business that values simplicity, transparency and making a difference
You‚Äôll be working in the Perth CBD office. This is a hands-on, on-site role where being close to the team and the tech makes all the difference
Occasional regional travel with the IT Manager
  
  
This is a newly created role. It‚Äôs not about maintaining what‚Äôs already built, it‚Äôs about building what‚Äôs needed.
If that sounds like you, we‚Äôd love to hear from you.",,,,MakeItHappen_resume.pdf,MakeItHappen_coverletter.pdf,Applied Successfully,26 June 2025,"Selecting dropdown for question: Which of the following statements best describes your right to work in Australia? with label: I have a temporary visa with no restrictions (e.g. doctoral student)
Selecting dropdown for question: How many years' experience do you have as a Data Engineer? with label: No experience
Selecting dropdown for question: How many years' experience do you have using SQL queries? with label: 2 years
Selecting dropdown for question: What's your expected annual base salary? with label: $80k
Selecting checkbox for question: Which of the following Relational Database Management Systems (RDBMS) are you experienced with? with option: SQLite
Q: Are you willing to undergo a pre-employment medical check? | A: Yes"
84722712,Data Scientist,VitalTrace Pty Ltd,Perth WA,https://www.seek.com.au/job/84722712?type=standard&ref=search-standalone&origin=cardTitle#sol=93e21c35e42bee410f0e0d349a113f581bc704e3,"The primary goal of this position is to drive the advanced data science initiatives focused on biosensor current ‚Äì analysis and modelling for cutting-edge fetal lactate monitoring technology. This role will drive the development of robust and sophisticated machine learning models and algorithms to interpret biosensor electrical signals, with particular emphasis on current based measurements from our novel biosensor. The position requires deep expertise in electrical signal processing, current modelling, and advanced analytics to transform raw biosensor data into clinically actionable insights, build, train and test machine learning model development and model deployment, with a focus on leveraging data integration platforms such as Pentaho, Talend, and KNIME.
VitalTrace Pty Ltd is a multi-award-winning, VC-funded Australian-based Med-tech start-up company aiming to improve outcomes for mothers and children during the childbirth process. We are doing this by developing novel cutting-edge biosensor technologies for fetal monitoring during childbirth. We believe that mothers and babies deserve the highest standard of care, and that childbirth monitoring should be accurate and allow clinicians to make informed and timely decisions. We have a vibrant culture with a diverse, high-performing multidisciplinary team of clinicians, researchers, engineers, chemists, software developers, and data scientists all working towards the same goal.
Position Responsibilities:
We may from time to time vary or modify your duties but only to those duties for which you have the skill and competence.
Sensor Current Analysis and Modelling:
Design and implement advanced algorithms for analysing biosensor current signals, FHR and ECG
Develop predictive models for our current-lactate algorithm
Signal Processing & Feature Extraction:
Design and develop algorithms for signal feature detection (e.g., ECG, Heart Rate, CTG) and the calculation of key clinical metrics
Create sophisticated feature extraction techniques specific to biosensor outputs and also leveraging pre-clinical and clinical data
Design filters and noise reduction algorithms
Implement real-time signal processing solutions for continuous lactate monitoring
Build production-ready machine learning models
Perform rigorous testing and validation of models to ensure reliability and accuracy, generating clinical evidence for product design, regulatory pathways, and new product launches
Comprehensive project scoping documents for each model development initiative, defining objectives, success metrics, timelines, and resource requirements
Platform Development and Integration:
Develop APIs and integration layers for biosensor data consumption by clinical systems
Handle the transition from proof-of-concept models to production-ready models
Collaboration:
Work closely with the Data Architect, Data Scientist, R&D Scientists, Formulation Scientists, and Product Development teams to define model requirements for building models/algorithms
Collaborate to integrate machine learning models into scalable, production-ready systems as the role evolves into more data science responsibilities
Business & Technical Translation:
Collaborate with stakeholders to understand business needs and translate them into technical solutions
Documentation & Regulatory Compliance:
Compile and document product and system requirements, ensuring they align with regulated medical device standards
Ensure all modelling and analytical approaches meet medical device regulatory standards
Support regulatory submissions with detailed technical analyses and validation reports
Generate clinical evidence packages demonstrating model/algorithm validity and safety
Team Support & Flexibility:
Be open to supporting team and company objectives in areas beyond your direct expertise, including evolving responsibilities in machine learning and modelling
Qualifications/Licences/Certificates
Bachelor's or Master's Degree in Electrical Engineering, Biomedical Engineering, or related field with strong electrical systems background
Advanced coursework or certification in data science, machine learning, or biomedical signal processing preferred
Relevant Experience, Skills, Knowledge and Requirements
5+ years of experience in a similar data science role, ideally in a clinical, healthcare, or medical device setting
Expert-level proficiency in Python with emphasis on signal processing libraries (SciPy, scikit-signal) and analysis tools
Solid background in signal processing and time series analysis, including IoT signal processing, will be considered an advantage
Hands-on experience with KNIME, MATLAB, or similar platforms for analysis and model development
Expertise in SQL and experience with Snowflake for data storage and querying.
Superior proficiency in machine learning principles and techniques, with the ability to build production-ready models
Strong understanding of data science methodologies and best practices
Strong organizational skills, attention to detail, and a critical-thinking mindset
Excellent written and verbal communication skills, with the ability to present complex data insights clearly to a variety of stakeholders
Additional information relevant to this position includes
Work Location: This is an on-site role based in Perth, requiring presence at the company‚Äôs offices and laboratory facilities to collaborate with cross-functional teams and support data analysis, model development, and signal processing activities
Due to the nature of the position and industry, there may be a requirement to work outside normal business hours",,,,VitaltracePtyLtd_resume.pdf,VitaltracePtyLtd_coverletter.pdf,Applied Successfully,26 June 2025,"Selecting dropdown for question: Which of the following statements best describes your right to work in Australia? with label: I have a temporary visa with no restrictions (e.g. doctoral student)
Selecting dropdown for question: How many years' experience do you have as a Data Engineer? with label: No experience
Selecting dropdown for question: How many years' experience do you have using SQL queries? with label: 2 years
Selecting dropdown for question: What's your expected annual base salary? with label: $80k
Selecting checkbox for question: Which of the following Relational Database Management Systems (RDBMS) are you experienced with? with option: SQLite
Q: Are you willing to undergo a pre-employment medical check? | A: Yes"
84751755,Engineer Data,Gold Corporation,East Perth,https://www.seek.com.au/job/84751755?type=standard&ref=search-standalone&origin=cardTitle#sol=7d4dd2e25cb3c9d92e22b10bf0939a23112013fd,"About Us:
Welcome to The Perth Mint, where golden career opportunities await. 
The Perth Mint is an iconic Western Australian organisation operating on a truly global scale. Situated in East Perth for 126 years, The Perth Mint is a premier tourist destination, an award-winning exporter, and a key supplier of precious metals to markets throughout the world.
There‚Äôs no organisation quite like it, with a variety of roles available, from engineers and chemists to artists and technicians. 
Foster your fascination and pride in our work. Get inspired every day by the world-class precious metal products we work together to refine, design, produce and then distribute all over the globe. Connect to the rich history of our industry in a workplace firmly rooted in the present ‚Äî as leaders in sustainability and inclusion.
At The Perth Mint, you‚Äôll be supported in a diverse team where differences are celebrated and your well-being matters ‚Äî striking the right work-life balance with compassionate team benefits. And if your career goals change, you‚Äôll be empowered to change roles with training and internal mobility.
 Our Benefits:
Competitive salaries and employee discounts
Flexible work options available - working from home options (up to 2 days available) and options to work flexibly (9-day fortnight, compressed working week, monthly RDO etc.)
Extended leave options including purchased leave, leave at half pay and access to pro-rata long service leave
Opportunity to work for an endorsed WORK180 employer
Training and development opportunities
Opportunities to be part of our wide and active range of Employee Resourcing Groups: Reconciliation, Gender, Culturally and Linguistically Diverse (CALD), Disability, Mental Health and Neurodiversity, and Perth Mint with Pride
Charity and volunteer initiatives
Health and wellness programs, including an Employee Assistance Program, ongoing wellbeing initiatives, and workplace community building spaces
Our full list of benefits and why we are recognised as an Endorsed Employer for Women by WORK180 can be seen on the WORK180 website
So go on, make your mark. If you are excited by this role and want to join the team at the iconic Perth Mint, apply today. Part-time and flexible arrangements will be considered on an individual basis.
Your role as a Data Engineer will involve:
Work with both the Project and Data & Analytics teams to ensure project and enterprise goals and solutions align.
Use Azure, SQL and other technologies to extract, transform and load data from data sources to meet project goals, ensuring quality and traceability.
Assembling large, complex sets of data that meet business and project requirements.
Improve data quality, integrity, and reliability across the Corporation‚Äôs data, both in current and future systems.
Identify, design and implement internal process improvements for greater scalability, optimising data delivery, and automating manual processes.
Assist in the design and operation for components of the Corporation‚Äôs data architecture.
Build analytical tools, providing actionable insight into key business performance metrics including operational efficiency and customer acquisition.
Align and contribute to the Corporation‚Äôs Data Architecture and standards.
Understand project data infrastructure needs and data-related technical issues, working with the Corporation‚Äôs Data & Analytics team to build solutions.
Experience:
Bachelor‚Äôs degree in Data Engineering, Analytics, Software Engineering, Computer Science, or a related discipline.
Microsoft Certification in Data fields.
5+ years experience in data engineering.
Capability using Microsoft Azure Data and Machine Learning services, including Azure Data Factory (ADF), AzureML, data orchestration, and data visualization tools (PowerBI).
Experience with SQL Server and PostgreSQL.
Knowledge of API functionality.
It‚Äôs easy to dismiss the perfect opportunity if you don‚Äôt see yourself as the perfect fit. If this role feels right ‚Äì no matter your background or personal circumstances ‚Äì please submit your application.
Applications close on 4 July 2025. The Perth Mint reserves the right to close applications prior to this date.
Candidates must have the right to work in Australia and pass our national security check.
Our Commitment to Inclusion:
Inclusion is at the core of what we do. We are committed to equality and celebrate the diversity of race, gender, age, sexual orientation, religion, ethnicity, and all characteristics that make us unique as individuals.
We encourage applications from a range of candidates, including, Aboriginal and Torres Strait Islander people, people with disability, people of all gender identities, youth, seniors, the LGBTQI+ community and people from culturally and linguistically diverse backgrounds.
We recognise that standard recruitment processes are not accessible to everyone. If there are any accommodations or supports that would assist you in participating in the recruitment process for this role, please reach out to recruitment@perthmint.com.
To learn more about our diversity and inclusion initiatives please visit our website.",recruitment@perthmint.com,,,ThePerthMint_resume.pdf,ThePerthMint_coverletter.pdf,Can't Find Resume Element,26 June 2025,
85066338,Data Engineer,CorePlan,Perth WA,https://www.seek.com.au/job/85066338?type=standard&ref=search-standalone&origin=cardTitle#sol=4b18f34be0803acc93b01e4f37f11747b48d0f8e,"Enjoy the flexibility of a hybrid role
Work in a vibrant office within the Perth CBD
Bring your deep technical expertise and work on customer integration initiatives!
üîç About Us 
CorePlan isn‚Äôt your typical mining software company. We‚Äôre a Perth tech startup reimagining mining operations through our cutting-edge digital SaaS drilling management platform. We‚Äôve replaced outdated paper and spreadsheets with a seamless solution winning customers worldwide.
Our mission? Advance the operation of digital drilling operations in mining. Our momentum? Growing fast.
We‚Äôre a high-performing team of execution-focused self-starters, building the next generation of software for mining.
üíº The Role
As a Data Engineer at CorePlan, you'll work as part of the engineering team with a special focus on customer integration initiatives. You'll bring deep technical expertise to work closely with our customer success and onboarding teams, serving as the technical bridge between our platform and our customers' existing systems to design and implement seamless data integrations.
üõ† Key Responsibilities
Design and implement custom data integration solutions for enterprise mining customers
Build and maintain robust ETL pipelines that connect customer systems to our platform
Write custom Python, Node.js, or shell scripts to handle complex data transformations
Manage data warehouse operations using Snowflake to support customer data needs
Partner with customer success teams to provide technical consultation during integration processes
Work closely with the core engineering team while focusing primarily on customer success and onboarding initiatives
Bring your technical engineering expertise to customer-facing teams during complex integration projects
Drive improvements in our integration tools and processes to enhance customer onboarding
Participate in client meetings to understand initiative objectives, underlying problems to solve and data requirements
üôåQualifications and Fit
Have been working with Python and data pipelines for a few years in a production environment
Know your way around data warehouses like Snowflake, along with databases like PostgreSQL
Practical knowledge of ETL/ELT processes and data pipeline orchestration tools
Experience with API integrations, webhooks, and data streaming technologies
A strong grasp of cloud services like AWS, and have deployed data solutions there
Can write clean, maintainable scripts in Python, Node.js, and shell for automation
Experience with customer-facing technical roles or professional services
You have an analytical mind and a knack for troubleshooting complex data integration challenges
Strong communication skills, attention to detail and initiative along with a collaborative mindset
üéÅ Perks & Benefits
Prime CBD location
Hybrid role with 1 day WFH 
Fun office culture ‚Äì open plan space, birthday celebrations, team events (hello, movie nights + office jukebox!)
Parental leave top-up pay (covering the difference between the government‚Äôs minimum parental leave payment and your regular base salary) 
Access to EAP mental health & wellbeing services for you and immediate family members 
üöÄ Ready for your next adventure?
If you're ready to bring your A-game to a tech-forward startup, click APPLY NOW to submit your CV and cover letter. Have questions? Reach out to us at careers@coreplan.io
ü§ù Recruitment Agencies
We appreciate your hustle, but we‚Äôre not engaging agencies right now. Want to be on our radar for the future? Email careers@coreplan.io",careers@coreplan.io,,,Coreplan_resume.pdf,Coreplan_coverletter.pdf,Applied Successfully,26 June 2025,"Selecting dropdown for question: Which of the following statements best describes your right to work in Australia? with label: I have a temporary visa with no restrictions (e.g. doctoral student)
Selecting dropdown for question: How many years' experience do you have as a Data Engineer? with label: No experience"
84737223,AI and Reporting Lead,Wesfarmers,Perth WA,https://www.seek.com.au/job/84737223?type=standard&ref=search-standalone&origin=cardTitle#sol=973628f07b8c06c85256902383745d2252d7175f,"Be part of a team who are focused on harnessing the power of data and transforming it into meaningful and actionable insights that supports decision making and improves business performance
Opportunity to pilot emerging technology and showcase innovative data, AI and reporting solutions to senior leaders
Collaborate with all departments within our Corporate Office to prioritise use cases and deliver successful outcomes
Flexible, supportive work environment with work from home options
Newly created, full time permanent role ideally based in Perth (we would consider Melbourne)
About the team
We are building a cross-skilled and diverse Technology team focused on engaging the business, understanding strategic drivers, co-creating value-adding solutions and pushing technical boundaries to innovate and deliver excellence to the Corporate Office. With a clear data driven vision, plus all the tools and learning you will need, the tone is set for success.
What you‚Äôll do
Reporting to our Head of Technology Strategy and Delivery, this role will lead the development and execution of the GenAI strategy for Corporate Office, ensuring alignment with business objectives. You will design and deploy AI models and data solutions which enhance operational efficiency and data-driven insights.
Additionally, you will collaborate closely with cross-functional teams to identify opportunities where GenAI can drive automation, improve reporting, and enhance decision-making. Working closely with technology, cyber and data teams you will oversee the successful design of an integrated AI delivery platform.
By actively engaging with stakeholders, you will identify opportunities to enhance program outcomes and drive continuous improvement. The aim is to ensure that the business benefits from cutting-edge technology solutions, leading to improved ways of working and operational excellence across all departments.
What you‚Äôll need
Hands-on experience in delivering technology, data and AI solutions
Proficiency in GenAI models, NLP, LLMs, and AI tools/platforms (e.g. OpenAI, Microsoft Azure AI, AWS AI/ML, Google Vertex AI)
Strong knowledge of modern cloud platforms, infrastructure as code, automated data governance controls and cyber security and risk management principles
Ability to deploy MLOps and AI model lifecycle management
Strong experience in data visualisation
Experience in Agile methodology and working in large complex data environments
A naturally inquisitive and analytical mind, and strong ability to problem solve
Strong stakeholder engagement and influencing skills
Excellent communication and presentation skills, including the ability to communicate complex topics simply
A genuine interest and passion to learn and develop new skills
Strong people leadership with the ability to motivate a high performing, outcome driven team ensuring mentoring, support and professional development for team members
About Wesfarmers
As one of Australia‚Äôs largest listed companies, we‚Äôre proud of our longstanding contribution to Australians. We continually reinvent ourselves and invest in the businesses we own and operate, including leading retailers like Bunnings, Kmart, Target, Officeworks and Priceline. We also have an online offering, including OnePass and the Group shared data asset. Our work doesn‚Äôt stop there, we operate in the industrials sector which supplies the nation with chemicals, energy and fertilisers, and industrial and safety products. And we participate in an integrated lithium joint venture, including the operation of a mine and concentrator and the development of a refinery.
Join the team at Corporate Office which provides support and advice across the Wesfarmers Group
The Corporate Office provides corporate services and support to the autonomous businesses within the Wesfarmers Group, enabling the achievement of Group objectives. It leads capital allocation and portfolio management for the Group and focuses on leveraging and enhancing the Group‚Äôs reputation to support attraction and retention of talent, securing investment opportunities and maintaining a low-cost capital. To do this, we need great people, working together and role modelling our values and ways of working.
Our culture
We‚Äôre results focused, but we‚Äôre a business that cares. Here we are less about titles and more about everyone playing a valuable role. We provide autonomy and space with freedom to operate, quickly learning from mistakes because we know they are part of the way forward. We‚Äôre curious, open minded, and collaborative. And although we‚Äôre thought leaders, we‚Äôre humble, and willing to share knowledge and learn from one another.
We know that diversity fosters greater innovation and better customer connection, so we strive to create an inclusive and diverse work environment.
Next steps
If this sounds like your next career move, then combine your cover letter and resume into one document and click on the ‚ÄòApply‚Äô button by Friday, 27 June 2025. Please note that we may commence interviewing of candidates prior to this closing date.
For brief enquiries please contact Human Resources on (08) 9327 4223.
We‚Äôre hiring the best and the brightest talent. Let‚Äôs start to explore the possibilities of achieving great things together.
For more information, visit our website at www.wesfarmers.com.au",,,,Wesfarmers_resume.pdf,Wesfarmers_coverletter.pdf,Can't Find Resume Element,26 June 2025,
84993812,Senior Data Consultant,WA Health,Perth WA,https://www.seek.com.au/job/84993812?type=standard&ref=search-standalone&origin=cardTitle#sol=b0409dcf88a38927f7966f10c638b43615c7c141,"Vacancy Reference No. 678148
 This is a Recruitment Pool for Fixed Term Part Time, Fixed Term Full Time, Permanent Part Time and Permanent Full Time.
We currently have one position available, with the possibility of extension(s) and/or permanency.
WA Health embraces diversity and is committed to eliminating all forms of discrimination in the provision of our service.
WA Health supports flexible working practices within the context of a quality health service. WA Health is committed to a smoke free environment across all buildings, grounds and vehicles.
WA Health is committed to growing the Aboriginal workforce as a part of WA Health‚Äôs Aboriginal Workforce Policy. As a measure to achieve equality, Section 51 of the Equal Opportunity Act 1984 applies to this position. Aboriginal people are encouraged to apply.
Other Conditions:  WA Health engages staff in positions of trust and responsibility. WA Health policies require applicants to undertake criminal records screening and integrity checking as part of the appointment process. Referees may also be asked to comment on an applicant‚Äôs integrity and past demonstration of ethical behaviour.
Suitable applicants will be placed in a pool from which appointments may be made when similar vacancies occur. Appointments may be made from this pool until 13/09/2026.
Position Profile: The Senior Data Consultant will support the delivery of Data and Analytical Capability and Business Intelligence, through identifying, developing, and maintaining data products, project solution design, content creation, and other bespoke solutions.
The position will be responsible for leading the full lifecycle of product development, including identifying operational needs, gathering business requirements, proof of concepts, scope, prioritisation, design, implementation, user acceptance testing, quality assurance, deployment, maintenance, and support, with a focus on prioritising value-added features based on customer or product owner feedback.
Employee Benefits:  In addition to the great salary our employees enjoy an amazing range of benefits which may include (in line with operational requirements):
11.5% employer contributed superannuation into a fund of your choice. For further information click here. 
Access to salary packaging arrangements
Professional Development Opportunities and Study Leave/assistance
Flexible working arrangements
Flexible leave arrangements
Selection Criteria: Please see the attached Job Description Form (available online at www.jobs.health.wa.gov.au). 
 For Further Job Related Information: We encourage you to contact on James Godfrey on 08 6373 1944.
If you experience difficulties while applying online, please contact Employee Services on 13 44 77 for immediate assistance during business hours.
Application Instructions: Applicants are requested to apply online (www.jobs.health.wa.gov.au). 
Applicants are advised to write a statement addressing the selection criteria in no more than 2-3 pages and provide a detailed curriculum vitae which summarises your experience and how you are able to meet the position requirements. These documents should be complete and ready to attach prior to applying online. Please ensure you allow sufficient time to complete the online application process as you will be required to answer various questions and attach your documentation.
Applicants are advised to write a covering letter outlining their suitability for this position, and attach their current resume or curriculum vitae. These documents should be complete and ready to attach prior to applying online. Please ensure you allow sufficient time to complete the online application process as you will be required to answer various questions and attach your documentation.
Lodgement is system generated. Any submissions on, or after, 4:00pm will not be accepted. 
 LATE OR EMAIL APPLICATIONS WILL NOT BE CONSIDERED.",,08 6373 1944,,WaHealth_resume.pdf,WaHealth_coverletter.pdf,Can't Find Resume Element,26 June 2025,
84996868,Domain Solutions Lead - Data & AI,Schlumberger Australia Pty Ltd,Perth WA,https://www.seek.com.au/job/84996868?type=standard&ref=search-standalone&origin=cardTitle#sol=1b057e562172b7e6a8fcee93db576a51e9f0a95f,"About SLB:
We are a global technology company, driving energy innovation for a balanced planet.
Together, we create amazing technology that unlocks access to energy for the benefit of all.
 Our inclusive culture is the key to our success. We collaborate with our internal community of colleagues, alumni, and our valued external partners to support each other and achieve our goals. We aim to raise the bar high. We look for people who are committed to innovation and success and act with integrity to become and be a part of one of the most diverse group of experts in our industry, anywhere around the globe.
 Global in outlook, local in practice ‚Äì and with a united, shared passion for discovering solutions, we hire talented, driven people and support them to succeed, personally and professionally.
 Role: Domain Solutions Lead
 Location: Perth Western Australia
 Type of contract: Permanent
 Roster: Full Time
 Job Description:
 As a Domain Solutions Sales Lead, you will drive strategic business development initiatives for data and AI solutions across the Australia and New Zealand region. This role combines deep technical expertise with commercial acumen to identify market opportunities, develop solution proposals, and establish SLB as the preferred partner for digital transformation in the energy sector. Strong knowledge of SLB's technology portfolio including ProSource, Studio, Lumi, and Delfi is essential to effectively position and sell our integrated solutions.
 Roles and Responsibilities:
¬∑         Lead identification and capture of new market opportunities for data and AI solutions
¬∑         Collaborate with cross-functional teams, including data scientists, engineers, and developers, to formulate innovative technology and service offerings that ensure data integrity and alignment with customer requirements.
¬∑         Develop comprehensive solution proposals combining advanced AI/ML capabilities with domain expertise.
¬∑         Collect and analyze market intelligence, competitor information, and market size data
¬∑         Contribute to product development roadmap based on market feedback and customer requirements
¬∑         Serve as a technical advisor to both internal and external stakeholders, providing guidance and recommendations based on your domain knowledge.
  Qualifications and Experience:
¬∑         Bachelor's degree in Computer Science, Engineering, Petroleum Engineering, or related technical discipline
¬∑         Minimum 8-10 years of experience in technical sales, business development, or solution architecture within the energy sector
¬∑         Proven track record in data solution architecture with understanding of backend/frontend development and cloud technologies
¬∑         Demonstrated success in achieving revenue targets and winning new business opportunities
¬∑         Strong familiarity with oil and gas domain, including E&P data management practices
¬∑         Experience with cloud computing platforms (AWS, Google Cloud) and data analytics tools (SQL, visualization)
¬∑         Understanding of AI/ML technologies and their application in industrial settings
¬∑         Familiarity with SLB applications including ProSource, Studio, Lumi, and Delfi platform highly desirable
¬∑         Excellent communication skills with ability to convey complex technical concepts to non-technical stakeholders
¬∑         Proven ability to work collaboratively in cross-functional teams and build relationships at all organizational levels
¬∑         Experience in conducting workshops, technical presentations, and customer demonstrations
 Benefits:
¬∑         Permanent employment
¬∑         Gold Tier Private Health Cover
¬∑         Comprehensive Life, TPD & Income Protection Insurances
¬∑         Wellness Benefits
¬∑         Employment Assistance Program
¬∑         Discounted Stock Purchase Program
¬∑         Attractive compensation package

Please apply via this advertisement and upload a detailed resume outlining your qualifications and work experience.
Applications are open from 18-Jun-2025 to 18-Jul-2025.
Only successful applicants that meet the above criteria will be contacted.
SLB is an equal opportunity employer. Qualified applicants are considered without regard to race, color, religion, sex, sexual orientation, gender identity, national origin, age, disability, or veteran status.
We are committed to providing employment opportunities for Aboriginal and Torres Strait Islander people.
www.careers.slb.com
https://www.youtube.com/watch?v=40PaXCJfi6M",,,,Slb_resume.pdf,Slb_coverletter.pdf,Error - APPLY BUTTON NOT FOUND,26 June 2025,
85168246,Data Engineer - Code Framework Enablement,REM Consulting,Perth WA,https://www.seek.com.au/job/85168246?type=standard&ref=search-standalone&origin=cardTitle#sol=0f2009fffd596c5cbd41621f1f6dc16d1e528f00,"Role Overview
  
Looking for a Data Engineer to help scale and embed the Unified Data Engineering (UDE) Code Framework across the enterprise. This role is pivotal to operationalising reusable, AI-ready, and governed pipelines ‚Äî enabling delivery teams to build more efficiently and consistently. You‚Äôll work closely with domain-aligned experts to evolve the framework and embed software engineering best practices in code, tooling, and automation.
  
  
Required Skills & Experience
Experience in data engineering, with experience in production-grade pipeline delivery.
Proficient in Python, and familiar with design patterns and modular software development practices.
Experience with one or more of the following: Airflow (Astronomer preferred), Kafka/Confluent, dbt, Snowflake, Great Expectations.
Strong Git/GitLab skills and experience with CI/CD and Terraform/IaC concepts.
Exposure to data contracts, metadata-driven pipelines, or declarative pipeline configuration is a strong plus.
This is a Perth based role.
No sponsorship is available.",,,,NotProvided_resume.pdf,NotProvided_coverletter.pdf,Applied Successfully,26 June 2025,Selecting dropdown for question: Which of the following statements best describes your right to work in Australia? with label: I have a temporary visa with no restrictions (e.g. doctoral student)
85103961,Energy Data Analyst,Project Human Resources,Perth WA,https://www.seek.com.au/job/85103961?type=standard&ref=search-standalone&origin=cardTitle#sol=6ce7e891729907e36f049f3a58596cb3fff6897b,"About Us: 
Project Human Resources is a leading boutique human resources agency in Subiaco that specialises in white collar recruitment and HR consulting within mining & resources, engineering, HR and business support. 
Our client is a long-established, evolving energy business with significant operations across Australia and the UK. As a division of a UK-based network utility with a globally renowned US-based parent energy company, our client is headquartered in Australia and owns and manages the operation of two significant renewable energy assets. It is also active in identifying investment opportunities and expanding its portfolio of assets so is positioned for significant future growth.
The Role:
Reporting to the Asset Manager - Renewables, you will be responsible for providing end-to-end data science services across energy production assets. Your work will directly inform asset performance monitoring, investment decisions, market analysis, and financial forecasting.
Key responsibilities:
¬∑ Analysing and reporting on renewable energy asset performance.
¬∑ Designing and implementing data models to monitor and report on performance.
¬∑ Preparing weekly and quarterly reports.
¬∑ Maintaining market data for analysis and modelling.
¬∑ Reporting and presenting asset performance results to key stakeholders.
¬∑ Analysing energy market and commodity price information.
¬∑ Supporting new investment and M&A activities with robust data insights and due diligence.
Essential Requirements:
¬∑ Minimum of 5 years‚Äô experience in data analysis.
¬∑ Bachelor‚Äôs Degree in a Quantitative Science field such as Data Science, Computer Science, Software Engineering, Mathematics or a related field.
¬∑ Advanced analytical skills and ability to manipulate large volumes of operational, commercial and economic data.
¬∑ Demonstrated experience in building, reviewing and maintaining mathematical, economic, technical and financial data models to advise on asset management and investment decisions.
¬∑ Proficient with data science tools such as Python, SQL, Power BI and Excel.
¬∑ Strong verbal and written communication skills for presenting reports and proposals.
¬∑ Ability to work autonomously with a go-getter attitude.
¬∑ A sense of urgency and high level of commercial acumen.
Desirable Requirements:
¬∑ Knowledge of renewable energy generation and electricity markets (NEM/WEM) in Australia.
¬∑ MBA, Master of Data Science or secondary qualifications in Engineering such as Electrical or Renewable Energy.
¬∑ Experience in critical assessment and analysis of energy and / or commodity markets.
¬∑ Experience in M&A and investment analysis.
This is a key role offering a competitive salary plus incentives. If you‚Äôre looking to take on new challenges and progress your career, and you have the relevant skills and experience, please do not delay as shortlisting will begin immediately. Click APPLY NOW to submit your expression of interest quoting reference 18_959.
At Project Human Resources, we are committed to meaningful equity and diversity in our workforce. We are passionate about equal employment opportunities and diversity, and encourage applications from all backgrounds.",,,,ProjectHumanResources_resume.pdf,ProjectHumanResources_coverletter.pdf,Applied Successfully,26 June 2025,"Selecting dropdown for question: Which of the following statements best describes your right to work in Australia? with label: I have a temporary visa with no restrictions (e.g. doctoral student)
Selecting dropdown for question: How many years' experience do you have as a data analyst? with label: No experience"
84552576,Software Developer,Ox Mountain Limited,Perth WA,https://www.seek.com.au/job/84552576?type=standard&ref=search-standalone&origin=cardTitle#sol=65e1f9725de844217081fa32b1d64d5ecf54cbb8,"Ox Mountain Limited is seeking a Software Developer to join our rapidly growing software company!
What we offer
Immediate start available
Competitive salary rates (experience-based)
Ongoing career growth and upskilling opportunities
Grade 1 centrally located offices + end of trip facilities
Directly impact a team that is disrupting & solving long-standing challenges
World-class team culture in a growing & profitable tech company!
About us
At Ox Mountain Limited, we revolutionise how large industrial organisations operate by harnessing the power of data science and machine learning. With offices in the UK & Australia, we empower people with actionable insights, driving improvements in safety, reliability, and productivity while supporting sustainable development and the UN Sustainable Development Goals. By joining our team, you'll be at the forefront of a technological advance that's transforming the industry and making a lasting impact!
 About the role
In this role, the Software Developer will operate from our Perth office & work closely with domain experts, reporting to the Head of the department.
 Your duties will include but not be limited to:
designing/develop high-quality code that brings complex system designs to life
collaborating with other teams to develop robust software that meets client/business needs
refining & optimising code to enhance performance and scalability
navigating dynamic frameworks to drive structured progress
communicating technical concepts to non-technical stakeholders.
What we're looking for
Full Australian working rights essential
Min. 2-5 years previous Software Developer experience
BSc (or higher) in Computer Science / Software Engineering or proven track record of full-stack software development.
Full stack experience involving Java and front-end development within a modern web framework
Demonstrated capability in delivering simple solutions to complex problems
Asset health & predictive analytics experience ideal but not necessary.
How to apply
To apply for this role, please submit you up-to-date resume & cover letter through the Apply button on SEEK.
We look forward to hearing from you!",,,,OxMountainLimited_resume.pdf,OxMountainLimited_coverletter.pdf,Applied Successfully,27 June 2025,"Selecting dropdown for question: Which of the following statements best describes your right to work in Australia? with label: I have a temporary visa with no restrictions (e.g. doctoral student)
Selecting dropdown for question: How many years' experience do you have as a software developer? with label: 2 years
Selecting dropdown for question: How many years of front end development experience do you have? with label: 1 year
Selecting dropdown for question: How many years' experience do you have in a software development role? with label: 3 years"
85128281,Technical Data Analyst,PRA,Perth WA,https://www.seek.com.au/job/85128281?type=standard&ref=search-standalone&origin=cardTitle#sol=25bc4b03755fb86993fb4b7da75855d89c18865d,"Are you a data-driven problem solver with a passion for asset management in the mining industry? We are partnering with a leading client to enable their digital asset management capabilities.

We‚Äôre looking for a Technical Data Analyst - Contract who brings both technical expertise and practical experience in mining operations‚Äîparticularly in asset management for fixed plant equipment.

What we're looking for;
Experience in maintenance roles involving fixed plant equipment (e.g. conveyor belts, screen houses, crushers)
Understanding of asset health datasets and how to connect key datasets (e.g. notifications, work orders, equipment details, failure records)
Experience with equipment failure investigations‚Äîknowing what data is needed to get to the root cause
Strong knowledge of reliability engineering concepts

Why join us;
Meaningful work in enabling the future of digital asset management in mining
Collaborate with industry leaders and technical specialists
Be part of a supportive, innovative team driving operational improvements through data

Perth (hybrid/onsite depending on client needs)

Ready to make a real impact in mining and asset management?

Apply below or drop your CV to greg.perl@pra.com.au

#Hiring #DataAnalyst #MiningJobs #AssetManagement #ReliabilityEngineering #PerthJobs #jobsatPRA #thePRAway",greg.perl@pra.com.au,,,Pra_resume.pdf,Pra_coverletter.pdf,Can't Find Resume Element,27 June 2025,
84874045,Python Developer / Automation Specialist,Sharp & Carter Digital & Technology Perth,Perth WA,https://www.seek.com.au/job/84874045?type=standard&ref=search-standalone&origin=cardTitle#sol=28b64e704f7676d391bb7076ceb3f67cb9e33231,"About the role:

Are you a driven Python Developer with a passion for automation, AI, and data? Ready to step out of your comfort zone and into a role where your ideas and skills will help shape smarter, more efficient processes on a global scale?
We‚Äôre partnering with a leading global engineering company to find a talented Python Developer / Automation Specialist to join their high-performing team in a newly created role. This is an exciting opportunity for someone who thrives on challenge, loves working with data, and is ready to make a real impact.

What You'll Be Doing:
Designing and implementing automation solutions to streamline internal processes
Building and maintaining Python-based tools and scripts
Working with large datasets and integrating AI where applicable
Collaborating closely with technical and non-technical stakeholders to understand business needs
Continuously identifying areas for improvement and innovation
What We're Looking For:
3‚Äì5 years of experience in Python development, ideally in automation-heavy roles
Strong experience with SQL and handling data pipelines
Exposure to or keen interest in AI and data-driven technologies
A degree in Computer Science, Engineering, or a related field
Excellent communication and stakeholder engagement skills
Someone adaptable, proactive, and excited to embrace change
Why You'll Love It Here:
Join a respected global brand with cutting-edge projects
Full-time, permanent role with stability and long-term growth
Modern CBD-based office, five days a week onsite
Flexible start and finish times for better work-life balance
A collaborative and forward-thinking team that values fresh ideas",,,,GlobalEngineeringCompany_resume.pdf,GlobalEngineeringCompany_coverletter.pdf,Error - UNEXPECTED EXCEPTION,27 June 2025,
